{
	"partitions" : [
		{
			"name" : "Top",
			"pins" : [
				{
					"name" : "data[0]",
					"strict" : false
				},
				{
					"name" : "data[1]",
					"strict" : false
				},
				{
					"name" : "data[2]",
					"strict" : false
				},
				{
					"name" : "data[3]",
					"strict" : false
				},
				{
					"name" : "data[4]",
					"strict" : false
				},
				{
					"name" : "data[5]",
					"strict" : false
				},
				{
					"name" : "data[6]",
					"strict" : false
				},
				{
					"name" : "data[7]",
					"strict" : false
				},
				{
					"name" : "rs",
					"strict" : false
				},
				{
					"name" : "e",
					"strict" : false
				},
				{
					"name" : "lcd_data[0]",
					"strict" : false
				},
				{
					"name" : "lcd_data[1]",
					"strict" : false
				},
				{
					"name" : "lcd_data[2]",
					"strict" : false
				},
				{
					"name" : "lcd_data[3]",
					"strict" : false
				},
				{
					"name" : "lcd_data[4]",
					"strict" : false
				},
				{
					"name" : "lcd_data[5]",
					"strict" : false
				},
				{
					"name" : "lcd_data[6]",
					"strict" : false
				},
				{
					"name" : "form[1]",
					"strict" : false
				},
				{
					"name" : "form[0]",
					"strict" : false
				},
				{
					"name" : "clk",
					"strict" : false
				},
				{
					"name" : "step[4]",
					"strict" : false
				},
				{
					"name" : "step[3]",
					"strict" : false
				},
				{
					"name" : "step[2]",
					"strict" : false
				},
				{
					"name" : "step[1]",
					"strict" : false
				},
				{
					"name" : "step[0]",
					"strict" : false
				},
				{
					"name" : "step[5]",
					"strict" : false
				},
				{
					"name" : "step[6]",
					"strict" : false
				},
				{
					"name" : "step[7]",
					"strict" : false
				}
			]
		}
	]
}